Timestamp,BotTOKEN,ChatID,Path_documento,Situacao,Json
1694616879,1,6477534976,6477534976/335992543.jpg,OK,{"ok":true,"result":{"file_id":"AgACAgEAAxkBAAIBxmUBzS8UT8mPwEH0uz6OzJDhmauTAAKArjEbSbkRRCy126BB-4JNAQADAgADeAADMAQ","file_unique_id":"AQADgK4xG0m5EUR9","file_size":34717,"file_path":"photos/file_46.jpg"}}
1694616995,1,6477534976,6477534976/335992544.jpg,OK,{"ok":true,"result":{"file_id":"AgACAgEAAxkBAAIByGUBzaMv8sn6WRYys1kuNZcM5Y6HAAKDrjEbSbkRRH04B0pZyllkAQADAgADbQADMAQ","file_unique_id":"AQADg64xG0m5EURy","file_size":27606,"file_path":"photos/file_47.jpg"}}
1694616879,1_RavAerty,6477534976,6477534976/335992543.jpg,OK,{"ok":true,"result":{"file_id":"AgACAgEAAxkBAAIBxmUBzS8UT8mPwEH0uz6OzJDhmauTAAKArjEbSbkRRCy126BB-4JNAQADAgADeAADMAQ","file_unique_id":"AQADgK4xG0m5EUR9","file_size":34717,"file_path":"photos/file_46.jpg"}}
1694616995,1_RavAerty,6477534976,6477534976/335992544.jpg,OK,{"ok":true,"result":{"file_id":"AgACAgEAAxkBAAIByGUBzaMv8sn6WRYys1kuNZcM5Y6HAAKDrjEbSbkRRH04B0pZyllkAQADAgADbQADMAQ","file_unique_id":"AQADg64xG0m5EURy","file_size":27606,"file_path":"photos/file_47.jpg"}}
,1,,/.jpg,OK,
1695080835,1,6477534976,6477534976/335992545.jpg,OK,{"ok":true,"result":{"file_id":"AgACAgEAAxkBAAIBymUI4YPWHHxhAAF82IvQWYfZYF8iPAACTqwxG7kNSUQRBaG1-lZHwAEAAwIAA3kAAzAE","file_unique_id":"AQADTqwxG7kNSUR-","file_size":115983,"file_path":"photos/file_48.jpg"}}
1695081094,1,6477534976,6477534976/335992546.jpg,OK,{"ok":true,"result":{"file_id":"AgACAgEAAxkBAAIBzGUI4oYSHHLsGmApGtuhFFYHK47AAAJPrDEbuQ1JRMpIqEawJV6cAQADAgADeQADMAQ","file_unique_id":"AQADT6wxG7kNSUR-","file_size":92735,"file_path":"photos/file_49.jpg"}}
1695081153,1,6477534976,6477534976/335992547.jpg,OK,{"ok":true,"result":{"file_id":"AgACAgEAAxkBAAIBzWUI4sHqhKRT74Hh1YJPe7SSvmDSAAJQrDEbuQ1JRDoqOI785LDUAQADAgADeQADMAQ","file_unique_id":"AQADUKwxG7kNSUR-","file_size":106790,"file_path":"photos/file_50.jpg"}}
1695081217,1,6477534976,6477534976/335992548.jpg,OK,{"ok":true,"result":{"file_id":"AgACAgEAAxkBAAIBzmUI4wEK_99tBTRNMsGAqlfB6DzLAAJRrDEbuQ1JRJBmeyG0YOENAQADAgADeQADMAQ","file_unique_id":"AQADUawxG7kNSUR-","file_size":71948,"file_path":"photos/file_51.jpg"}}
1695081268,1,6477534976,6477534976/335992549.jpg,OK,{"ok":true,"result":{"file_id":"AgACAgEAAxkBAAIBz2UI4zSzT1HckqZAbIo9s06voqsLAAJSrDEbuQ1JRGT6zkUz5Nm_AQADAgADeQADMAQ","file_unique_id":"AQADUqwxG7kNSUR-","file_size":101678,"file_path":"photos/file_52.jpg"}}
1695081268,1,6477534976,6477534976/335992549.jpg,OK,{"ok":true,"result":{"file_id":"AgACAgEAAxkBAAIBz2UI4zSzT1HckqZAbIo9s06voqsLAAJSrDEbuQ1JRGT6zkUz5Nm_AQADAgADeQADMAQ","file_unique_id":"AQADUqwxG7kNSUR-","file_size":101678,"file_path":"photos/file_52.jpg"}}
1695081268,1,6477534976,6477534976/335992549.jpg,OK,{"ok":true,"result":{"file_id":"AgACAgEAAxkBAAIBz2UI4zSzT1HckqZAbIo9s06voqsLAAJSrDEbuQ1JRGT6zkUz5Nm_AQADAgADeQADMAQ","file_unique_id":"AQADUqwxG7kNSUR-","file_size":101678,"file_path":"photos/file_52.jpg"}}
1695082277 1695082428,1,6477534976,6477534976/335992551.jpg,OK,{"ok":true,"result":{"file_id":"AgACAgEAAxkBAAIB0WUI5yUkk-EcDyMXwlK_0fjivYiVAAJTrDEbuQ1JRFf-h36L_7KHAQADAgADeQADMAQ","file_unique_id":"AQADU6wxG7kNSUR-","file_size":67697,"file_path":"photos/file_53.jpg"}}
1695082277 1695082428,1,6477534976,6477534976/335992551.jpg,OK,{"ok":true,"result":{"file_id":"AgACAgEAAxkBAAIB0WUI5yUkk-EcDyMXwlK_0fjivYiVAAJTrDEbuQ1JRFf-h36L_7KHAQADAgADeQADMAQ","file_unique_id":"AQADU6wxG7kNSUR-","file_size":67697,"file_path":"photos/file_53.jpg"}}
1695082277 1695082428,1,6477534976,6477534976/335992551.jpg,OK,{"ok":true,"result":{"file_id":"AgACAgEAAxkBAAIB0WUI5yUkk-EcDyMXwlK_0fjivYiVAAJTrDEbuQ1JRFf-h36L_7KHAQADAgADeQADMAQ","file_unique_id":"AQADU6wxG7kNSUR-","file_size":67697,"file_path":"photos/file_53.jpg"}}
1695082277 1695082428,1,6477534976,6477534976/335992551.jpg,OK,{"ok":true,"result":{"file_id":"AgACAgEAAxkBAAIB0WUI5yUkk-EcDyMXwlK_0fjivYiVAAJTrDEbuQ1JRFf-h36L_7KHAQADAgADeQADMAQ","file_unique_id":"AQADU6wxG7kNSUR-","file_size":67697,"file_path":"photos/file_53.jpg"}}
1695082818,1,6477534976,6477534976/335992552.jpg,OK,{"ok":true,"result":{"file_id":"AgACAgEAAxkBAAIB1WUI6ULRWwngOXfTBxL-mwABSUGVCgACV6wxG7kNSURITU8f6FgtPwEAAwIAA3kAAzAE","file_unique_id":"AQADV6wxG7kNSUR-","file_size":65607,"file_path":"photos/file_54.jpg"}}
1695082818,1,6477534976,6477534976/335992552.jpg,OK,{"ok":true,"result":{"file_id":"AgACAgEAAxkBAAIB1WUI6ULRWwngOXfTBxL-mwABSUGVCgACV6wxG7kNSURITU8f6FgtPwEAAwIAA3kAAzAE","file_unique_id":"AQADV6wxG7kNSUR-","file_size":65607,"file_path":"photos/file_54.jpg"}}
1695082972,1,6477534976,6477534976/335992553.jpg,OK,{"ok":true,"result":{"file_id":"AgACAgEAAxkBAAIB1mUI6dtduQKE1ZfFcVrR8QI5bNS_AAJYrDEbuQ1JRAj8cKhuTZMvAQADAgADeQADMAQ","file_unique_id":"AQADWKwxG7kNSUR-","file_size":83309,"file_path":"photos/file_55.jpg"}}
1695082972,1,6477534976,6477534976/335992553.jpg,OK,{"ok":true,"result":{"file_id":"AgACAgEAAxkBAAIB1mUI6dtduQKE1ZfFcVrR8QI5bNS_AAJYrDEbuQ1JRAj8cKhuTZMvAQADAgADeQADMAQ","file_unique_id":"AQADWKwxG7kNSUR-","file_size":83309,"file_path":"photos/file_55.jpg"}}
1695082972,1,6477534976,6477534976/335992553.jpg,OK,{"ok":true,"result":{"file_id":"AgACAgEAAxkBAAIB1mUI6dtduQKE1ZfFcVrR8QI5bNS_AAJYrDEbuQ1JRAj8cKhuTZMvAQADAgADeQADMAQ","file_unique_id":"AQADWKwxG7kNSUR-","file_size":83309,"file_path":"photos/file_55.jpg"}}
1695082972,1,6477534976,6477534976/335992553.jpg,OK,{"ok":true,"result":{"file_id":"AgACAgEAAxkBAAIB1mUI6dtduQKE1ZfFcVrR8QI5bNS_AAJYrDEbuQ1JRAj8cKhuTZMvAQADAgADeQADMAQ","file_unique_id":"AQADWKwxG7kNSUR-","file_size":83309,"file_path":"photos/file_55.jpg"}}
1695083550,1,6477534976,6477534976/335992554.jpg,OK,{"ok":true,"result":{"file_id":"AgACAgEAAxkBAAIB2GUI7B3L5SSP47V8qh39S9FhYp0KAAJZrDEbuQ1JRKdAEkPJsQHXAQADAgADeQADMAQ","file_unique_id":"AQADWawxG7kNSUR-","file_size":117945,"file_path":"photos/file_56.jpg"}}
1695083550,1,6477534976,6477534976/335992554.jpg,OK,{"ok":true,"result":{"file_id":"AgACAgEAAxkBAAIB2GUI7B3L5SSP47V8qh39S9FhYp0KAAJZrDEbuQ1JRKdAEkPJsQHXAQADAgADeQADMAQ","file_unique_id":"AQADWawxG7kNSUR-","file_size":117945,"file_path":"photos/file_56.jpg"}}
1695083550,1,6477534976,6477534976/335992554.jpg,OK,{"ok":true,"result":{"file_id":"AgACAgEAAxkBAAIB2GUI7B3L5SSP47V8qh39S9FhYp0KAAJZrDEbuQ1JRKdAEkPJsQHXAQADAgADeQADMAQ","file_unique_id":"AQADWawxG7kNSUR-","file_size":117945,"file_path":"photos/file_56.jpg"}}
1695083550,1,6477534976,6477534976/335992554.jpg,OK,{"ok":true,"result":{"file_id":"AgACAgEAAxkBAAIB2GUI7B3L5SSP47V8qh39S9FhYp0KAAJZrDEbuQ1JRKdAEkPJsQHXAQADAgADeQADMAQ","file_unique_id":"AQADWawxG7kNSUR-","file_size":117945,"file_path":"photos/file_56.jpg"}}
1695083941,1,6477534976,6477534976/335992555.jpg,OK,{"ok":true,"result":{"file_id":"AgACAgEAAxkBAAIB2mUI7aXeYf-EkOtTJGfqB1q8S2GOAAJarDEbuQ1JRI-E1cIVpowFAQADAgADeQADMAQ","file_unique_id":"AQADWqwxG7kNSUR-","file_size":35218,"file_path":"photos/file_57.jpg"}}
1695083941,1,6477534976,6477534976/335992555.jpg,OK,{"ok":true,"result":{"file_id":"AgACAgEAAxkBAAIB2mUI7aXeYf-EkOtTJGfqB1q8S2GOAAJarDEbuQ1JRI-E1cIVpowFAQADAgADeQADMAQ","file_unique_id":"AQADWqwxG7kNSUR-","file_size":35218,"file_path":"photos/file_57.jpg"}}
1695084199,1,6477534976,6477534976/335992556.jpg,OK,{"ok":true,"result":{"file_id":"AgACAgEAAxkBAAIB22UI7qcjVqgWBA5n78O6fMssBd5lAAJbrDEbuQ1JRPlRFn3RN-B2AQADAgADeQADMAQ","file_unique_id":"AQADW6wxG7kNSUR-","file_size":85427,"file_path":"photos/file_58.jpg"}}
1695084233,1,6477534976,6477534976/335992557.jpg,OK,{"ok":true,"result":{"file_id":"AgACAgEAAxkBAAIB3GUI7skzwTzMWaYKyEsb5nXs03pgAAJcrDEbuQ1JRHC0eW9LiC4FAQADAgADeQADMAQ","file_unique_id":"AQADXKwxG7kNSUR-","file_size":69277,"file_path":"photos/file_59.jpg"}}
1695125046,1,6477534976,6477534976/335992558.jpg,OK,{"ok":true,"result":{"file_id":"AgACAgEAAxkBAAIB3WUJjjYsHtyIbcBJjbiZxrcZ2AuoAAJQrTEbIlVQRG9EdMr3FtAvAQADAgADbQADMAQ","file_unique_id":"AQADUK0xGyJVUERy","file_size":27606,"file_path":"photos/file_60.jpg"}}
1695125162,1,6477534976,6477534976/335992559.jpg,OK,{"ok":true,"result":{"file_id":"AgACAgEAAxkBAAIB32UJjqpEktiCD0BvcDLhDHj-joXkAAJQrTEbIlVQRG9EdMr3FtAvAQADAgADbQADMAQ","file_unique_id":"AQADUK0xGyJVUERy","file_size":27606,"file_path":"photos/file_60.jpg"}}
1695125261,1,6477534976,6477534976/335992560.jpg,O190,{"ok":true,"result":{"file_id":"AgACAgEAAxkBAAIB4WUJjw0bkyE5Ob--9x33lt9kLxHsAAJbrDEbuQ1JRPlRFn3RN-B2AQADAgADeQADMAQ","file_unique_id":"AQADW6wxG7kNSUR-","file_size":85427,"file_path":"photos/file_61.jpg"}}
1695125297,1,6477534976,6477534976/335992561.jpg,C190,{"ok":true,"result":{"file_id":"AgACAgEAAxkBAAIB4mUJjzH1scxED2CSpGNjdNSokZetAAJcrDEbuQ1JRHC0eW9LiC4FAQADAgADeQADMAQ","file_unique_id":"AQADXKwxG7kNSUR-","file_size":69277,"file_path":"photos/file_62.jpg"}}
1695125610,1,6477534976,6477534976/335992562.jpg,OK,{"ok":true,"result":{"file_id":"AgACAgEAAxkBAAIB42UJkGotIET4dCKIg3jsfoMUiwyRAAJbrDEbuQ1JRPlRFn3RN-B2AQADAgADeQADMAQ","file_unique_id":"AQADW6wxG7kNSUR-","file_size":85427,"file_path":"photos/file_61.jpg"}}
1695125637,1,6477534976,6477534976/335992563.jpg,OK,{"ok":true,"result":{"file_id":"AgACAgEAAxkBAAIB5GUJkIVCe7n6jS67zm9uUlHAEB9WAAJcrDEbuQ1JRHC0eW9LiC4FAQADAgADeQADMAQ","file_unique_id":"AQADXKwxG7kNSUR-","file_size":69277,"file_path":"photos/file_62.jpg"}}
1695125653,1,6477534976,6477534976/335992564.jpg,OK,{"ok":true,"result":{"file_id":"AgACAgEAAxkBAAIB5WUJkJW78QshX9hP99JDqJt72y9QAAJRrTEbIlVQREf1ZQjpoGWbAQADAgADeQADMAQ","file_unique_id":"AQADUa0xGyJVUER-","file_size":84674,"file_path":"photos/file_63.jpg"}}
1695125677,1,6477534976,6477534976/335992565.jpg,OK,{"ok":true,"result":{"file_id":"AgACAgEAAxkBAAIB5mUJkK3zZlDy_T-ZtdG_vlsypISlAAJYrDEbuQ1JRAj8cKhuTZMvAQADAgADeQADMAQ","file_unique_id":"AQADWKwxG7kNSUR-","file_size":83309,"file_path":"photos/file_64.jpg"}}
1695125698,1,6477534976,6477534976/335992566.jpg,OK,{"ok":true,"result":{"file_id":"AgACAgEAAxkBAAIB6GUJkMJLMczIPbf_BNb7Uatd1Eb4AAJSrTEbIlVQRO-ZsIhcQRb8AQADAgADeQADMAQ","file_unique_id":"AQADUq0xGyJVUER-","file_size":117945,"file_path":"photos/file_65.jpg"}}
1695125723,1,6477534976,6477534976/335992567.jpg,OK,{"ok":true,"result":{"file_id":"AgACAgEAAxkBAAIB6mUJkNvIwr9LIpH_hk7soEPR3dEuAAJVrDEbuQ1JRFTL5lD3ZyVxAQADAgADeQADMAQ","file_unique_id":"AQADVawxG7kNSUR-","file_size":151484,"file_path":"photos/file_66.jpg"}}
1695125873,1,6477534976,6477534976/335992568.jpg,OK,{"ok":true,"result":{"file_id":"AgACAgEAAxkBAAIB62UJkXEWL1H5WrLDagLWkli9OB1mAAJXrDEbuQ1JREhNTx_oWC0_AQADAgADeQADMAQ","file_unique_id":"AQADV6wxG7kNSUR-","file_size":65607,"file_path":"photos/file_67.jpg"}}
1695126059,1,6477534976,6477534976/335992569.jpg,OK,{"ok":true,"result":{"file_id":"AgACAgEAAxkBAAIB7GUJkit1EP1-SusR-YVpvK1V_lipAAJbrDEbuQ1JRPlRFn3RN-B2AQADAgADeQADMAQ","file_unique_id":"AQADW6wxG7kNSUR-","file_size":85427,"file_path":"photos/file_61.jpg"}}
1695126079,1,6477534976,6477534976/335992570.jpg,OK,{"ok":true,"result":{"file_id":"AgACAgEAAxkBAAIB7WUJkj_QssWzwER7pvCMkDuTce6mAAJRrDEbuQ1JRJBmeyG0YOENAQADAgADeQADMAQ","file_unique_id":"AQADUawxG7kNSUR-","file_size":71948,"file_path":"photos/file_68.jpg"}}
1695126105,1,6477534976,6477534976/335992571.jpg,OK,{"ok":true,"result":{"file_id":"AgACAgEAAxkBAAIB72UJklkoqMFR5wdKO6YKHOMuTIn2AAJSrTEbIlVQRO-ZsIhcQRb8AQADAgADeQADMAQ","file_unique_id":"AQADUq0xGyJVUER-","file_size":117945,"file_path":"photos/file_65.jpg"}}
1695126668,1,6477534976,6477534976/335992572.jpg,OK,{"ok":true,"result":{"file_id":"AgACAgEAAxkBAAIB8WUJlIxfYA5pAfXPakHGfuFNbgSgAAJUrTEbIlVQRP78pRGPkLGeAQADAgADeQADMAQ","file_unique_id":"AQADVK0xGyJVUER-","file_size":111948,"file_path":"photos/file_69.jpg"}}
1695126843,1,6477534976,6477534976/335992573.jpg,OK,{"ok":true,"result":{"file_id":"AgACAgEAAxkBAAIB82UJlTtW0ECfYMFc_CxQid4jnfg_AAJSrTEbIlVQRO-ZsIhcQRb8AQADAgADeQADMAQ","file_unique_id":"AQADUq0xGyJVUER-","file_size":117945,"file_path":"photos/file_65.jpg"}}
1695127125,1,6477534976,6477534976/335992574.jpg,OK,{"ok":true,"result":{"file_id":"AgACAgEAAxkBAAIB9WUJllV9WbSkcKNEitxHZJO__mnhAAJbrDEbuQ1JRPlRFn3RN-B2AQADAgADeQADMAQ","file_unique_id":"AQADW6wxG7kNSUR-","file_size":85427,"file_path":"photos/file_61.jpg"}}
1695127195,1,6477534976,6477534976/335992575.jpg,OK,{"ok":true,"result":{"file_id":"AgACAgEAAxkBAAIB9mUJlpu15KxjGI95AAFV9L8uevlNFQACUa0xGyJVUERH9WUI6aBlmwEAAwIAA3kAAzAE","file_unique_id":"AQADUa0xGyJVUER-","file_size":84674,"file_path":"photos/file_63.jpg"}}
1695127195,1,6477534976,6477534976/335992575.jpg,OK,{"ok":true,"result":{"file_id":"AgACAgEAAxkBAAIB9mUJlpu15KxjGI95AAFV9L8uevlNFQACUa0xGyJVUERH9WUI6aBlmwEAAwIAA3kAAzAE","file_unique_id":"AQADUa0xGyJVUER-","file_size":84674,"file_path":"photos/file_63.jpg"}}
1695127195,1,6477534976,6477534976/335992575.jpg,OK,{"ok":true,"result":{"file_id":"AgACAgEAAxkBAAIB9mUJlpu15KxjGI95AAFV9L8uevlNFQACUa0xGyJVUERH9WUI6aBlmwEAAwIAA3kAAzAE","file_unique_id":"AQADUa0xGyJVUER-","file_size":84674,"file_path":"photos/file_63.jpg"}}
1695127195,1,6477534976,6477534976/335992575.jpg,OK,{"ok":true,"result":{"file_id":"AgACAgEAAxkBAAIB9mUJlpu15KxjGI95AAFV9L8uevlNFQACUa0xGyJVUERH9WUI6aBlmwEAAwIAA3kAAzAE","file_unique_id":"AQADUa0xGyJVUER-","file_size":84674,"file_path":"photos/file_63.jpg"}}
1695127195,1,6477534976,6477534976/335992575.jpg,OK,{"ok":true,"result":{"file_id":"AgACAgEAAxkBAAIB9mUJlpu15KxjGI95AAFV9L8uevlNFQACUa0xGyJVUERH9WUI6aBlmwEAAwIAA3kAAzAE","file_unique_id":"AQADUa0xGyJVUER-","file_size":84674,"file_path":"photos/file_63.jpg"}}
1695128357,1,6477534976,6477534976/335992576.jpg,OK,{"ok":true,"result":{"file_id":"AgACAgEAAxkBAAIB92UJmyUmBz9KCfndRq-i9-iNd1DwAAJZrTEbIlVQRN8jxNkDLLCBAQADAgADeQADMAQ","file_unique_id":"AQADWa0xGyJVUER-","file_size":86945,"file_path":"photos/file_70.jpg"}}
1695130309,1,6477534976,6477534976/335992577.jpg,OK,{"ok":true,"result":{"file_id":"AgACAgEAAxkBAAIB-WUJosWYYt5lsapinepniyv9BOIMAAJSrTEbIlVQRO-ZsIhcQRb8AQADAgADeQADMAQ","file_unique_id":"AQADUq0xGyJVUER-","file_size":117945,"file_path":"photos/file_65.jpg"}}
1695130496,1,6477534976,6477534976/335992578.jpg,OK,{"ok":true,"result":{"file_id":"AgACAgEAAxkBAAIB-2UJo4ATvRBmZRRWODTCjDumTwanAAJSrTEbIlVQRO-ZsIhcQRb8AQADAgADeQADMAQ","file_unique_id":"AQADUq0xGyJVUER-","file_size":117945,"file_path":"photos/file_65.jpg"}}
1695130644,1,6477534976,6477534976/335992579.jpg,OK,{"ok":true,"result":{"file_id":"AgACAgEAAxkBAAIB_WUJpBTYs32mBrn8RwEWrroF42rbAAJQrDEbuQ1JRDoqOI785LDUAQADAgADeQADMAQ","file_unique_id":"AQADUKwxG7kNSUR-","file_size":106790,"file_path":"photos/file_71.jpg"}}
,1,,/.jpg,OK,
,1,,/.jpg,OK,
1695134442,1,6477534976,6477534976/335992580.jpg,OK,{"ok":true,"result":{"file_id":"AgACAgEAAxkBAAIB_mUJsumxVylXmSyeOXlaZHuxvGzOAAJerTEbIlVQRDrfvscy9QABCAEAAwIAA3kAAzAE","file_unique_id":"AQADXq0xGyJVUER-","file_size":220778,"file_path":"photos/file_72.jpg"}}
1695134507,1,6477534976,6477534976/335992581.jpg,OK,{"ok":true,"result":{"file_id":"AgACAgEAAxkBAAIB_2UJsyuXFRR9bA2FikGdZXttkzo6AAJfrTEbIlVQRP15FWaSa-Z-AQADAgADeAADMAQ","file_unique_id":"AQADX60xGyJVUER9","file_size":111026,"file_path":"photos/file_73.jpg"}}
1695134568,1,6477534976,6477534976/335992582.jpg,OK,{"ok":true,"result":{"file_id":"AgACAgEAAxkBAAICAWUJs2gEssMPIy2hHz5d5YL-n2_LAAJgrTEbIlVQRI1V73Otr-q0AQADAgADeQADMAQ","file_unique_id":"AQADYK0xGyJVUER-","file_size":114784,"file_path":"photos/file_74.jpg"}}
1695134661,1,6477534976,6477534976/335992583.jpg,OK,{"ok":true,"result":{"file_id":"AgACAgEAAxkBAAICA2UJs8XhcOiCNtVEjd7CpbOPDr-4AAJhrTEbIlVQRF39NtIPSeLoAQADAgADeQADMAQ","file_unique_id":"AQADYa0xGyJVUER-","file_size":95878,"file_path":"photos/file_75.jpg"}}
1695134734,1,6477534976,6477534976/335992584.jpg,OK,{"ok":true,"result":{"file_id":"AgACAgEAAxkBAAICBWUJtA4S879z-CO7-10Z6-DTni-aAAJirTEbIlVQRBJ5NCaAjuQdAQADAgADeAADMAQ","file_unique_id":"AQADYq0xGyJVUER9","file_size":196066,"file_path":"photos/file_76.jpg"}}
1695134791,1,6477534976,6477534976/335992585.jpg,OK,{"ok":true,"result":{"file_id":"AgACAgEAAxkBAAICB2UJtEd9W_V4CISOv_HzEDps5TU4AAJSrTEbIlVQRO-ZsIhcQRb8AQADAgADeQADMAQ","file_unique_id":"AQADUq0xGyJVUER-","file_size":117945,"file_path":"photos/file_65.jpg"}}
1695134930,1,6477534976,6477534976/335992586.jpg,OK,{"ok":true,"result":{"file_id":"AgACAgEAAxkBAAICCWUJtNE09XyUt4ndCdKVtKXrcO5fAAJjrTEbIlVQROOLnK4-3ea7AQADAgADeQADMAQ","file_unique_id":"AQADY60xGyJVUER-","file_size":170240,"file_path":"photos/file_77.jpg"}}
1695135064,1,6477534976,6477534976/335992587.jpg,OK,{"ok":true,"result":{"file_id":"AgACAgEAAxkBAAICC2UJtVh8tXDxonGJhSKDoNJM5zJvAAJlrTEbIlVQRIcBwMItgXyHAQADAgADeQADMAQ","file_unique_id":"AQADZa0xGyJVUER-","file_size":109232,"file_path":"photos/file_78.jpg"}}
1695135139,1,6477534976,6477534976/335992588.jpg,OK,{"ok":true,"result":{"file_id":"AgACAgEAAxkBAAICDGUJtaNYKD_gUffLzO2I59aHKYK0AAJmrTEbIlVQRMVQjEvPCkR9AQADAgADeQADMAQ","file_unique_id":"AQADZq0xGyJVUER-","file_size":106257,"file_path":"photos/file_79.jpg"}}
1695135175,1,6477534976,6477534976/335992589.jpg,OK,{"ok":true,"result":{"file_id":"AgACAgEAAxkBAAICDWUJtcfgrIMSL9SmQtcbJf4uhgl4AAJmrTEbIlVQRMVQjEvPCkR9AQADAgADeQADMAQ","file_unique_id":"AQADZq0xGyJVUER-","file_size":106257,"file_path":"photos/file_79.jpg"}}
1695135175,1,6477534976,6477534976/335992589.jpg,OK,{"ok":true,"result":{"file_id":"AgACAgEAAxkBAAICDWUJtcfgrIMSL9SmQtcbJf4uhgl4AAJmrTEbIlVQRMVQjEvPCkR9AQADAgADeQADMAQ","file_unique_id":"AQADZq0xGyJVUER-","file_size":106257,"file_path":"photos/file_79.jpg"}}
1695135175,1,6477534976,6477534976/335992589.jpg,OK,{"ok":true,"result":{"file_id":"AgACAgEAAxkBAAICDWUJtcfgrIMSL9SmQtcbJf4uhgl4AAJmrTEbIlVQRMVQjEvPCkR9AQADAgADeQADMAQ","file_unique_id":"AQADZq0xGyJVUER-","file_size":106257,"file_path":"photos/file_79.jpg"}}
1695135175,1,6477534976,6477534976/335992589.jpg,OK,{"ok":true,"result":{"file_id":"AgACAgEAAxkBAAICDWUJtcfgrIMSL9SmQtcbJf4uhgl4AAJmrTEbIlVQRMVQjEvPCkR9AQADAgADeQADMAQ","file_unique_id":"AQADZq0xGyJVUER-","file_size":106257,"file_path":"photos/file_79.jpg"}}
1695141047,1,6477534976,6477534976/335992590.jpg,OK,{"ok":true,"result":{"file_id":"AgACAgEAAxkBAAICDmUJzLfPHii-BVhWI85itkLkjYm4AAJSrTEbIlVQRO-ZsIhcQRb8AQADAgADeQADMAQ","file_unique_id":"AQADUq0xGyJVUER-","file_size":117945,"file_path":"photos/file_65.jpg"}}
1695141095,1,6477534976,6477534976/335992591.jpg,OK,{"ok":true,"result":{"file_id":"AgACAgEAAxkBAAICEGUJzOd4YRERJCgGOjqQyrgaHLESAAJmrTEbIlVQRMVQjEvPCkR9AQADAgADeQADMAQ","file_unique_id":"AQADZq0xGyJVUER-","file_size":106257,"file_path":"photos/file_79.jpg"}}
1695142372,1,6477534976,6477534976/335992592.jpg,OK,{"ok":true,"result":{"file_id":"AgACAgEAAxkBAAICEWUJ0eSo5jtfJlPXVftY11Q2qawkAAJprTEbIlVQRDlUJ8XVma-YAQADAgADeQADMAQ","file_unique_id":"AQADaa0xGyJVUER-","file_size":161414,"file_path":"photos/file_80.jpg"}}
1695142372,1,6477534976,6477534976/335992592.jpg,OK,{"ok":true,"result":{"file_id":"AgACAgEAAxkBAAICEWUJ0eSo5jtfJlPXVftY11Q2qawkAAJprTEbIlVQRDlUJ8XVma-YAQADAgADeQADMAQ","file_unique_id":"AQADaa0xGyJVUER-","file_size":161414,"file_path":"photos/file_80.jpg"}}
1695142882,1,6477534976,6477534976/335992593.jpg,OK,{"ok":true,"result":{"file_id":"AgACAgEAAxkBAAICE2UJ0-JuU_KmVgqnqVG9Fm5gyMeyAAJerTEbIlVQRDrfvscy9QABCAEAAwIAA3kAAzAE","file_unique_id":"AQADXq0xGyJVUER-","file_size":220778,"file_path":"photos/file_72.jpg"}}
1695142994,1,6477534976,6477534976/335992594.jpg,OK,{"ok":true,"result":{"file_id":"AgACAgEAAxkBAAICFGUJ1FJN8v2i_Ezr45kvvnNjKcdhAAJrrTEbIlVQRB_JfjoXQjfVAQADAgADeQADMAQ","file_unique_id":"AQADa60xGyJVUER-","file_size":145945,"file_path":"photos/file_81.jpg"}}
1695143695,1,6477534976,6477534976/335992595.jpg,OK,{"ok":true,"result":{"file_id":"AgACAgEAAxkBAAICFmUJ1w__iCMdEKkKuwr2XRJ18CrBAAJprTEbIlVQRDlUJ8XVma-YAQADAgADeQADMAQ","file_unique_id":"AQADaa0xGyJVUER-","file_size":161414,"file_path":"photos/file_80.jpg"}}
1695143723,1,6477534976,6477534976/335992596.jpg,OK,{"ok":true,"result":{"file_id":"AgACAgEAAxkBAAICGGUJ1yuqfjyWxDjL9xpKkeS85EqCAAJerTEbIlVQRDrfvscy9QABCAEAAwIAA3kAAzAE","file_unique_id":"AQADXq0xGyJVUER-","file_size":220778,"file_path":"photos/file_72.jpg"}}
1695144423,1,6477534976,6477534976/335992597.jpg,C0,{"ok":true,"result":{"file_id":"AgACAgEAAxkBAAICGmUJ2ecbQu7A6hAftFp60HbC33CuAAJrrTEbIlVQRB_JfjoXQjfVAQADAgADeQADMAQ","file_unique_id":"AQADa60xGyJVUER-","file_size":145945,"file_path":"photos/file_81.jpg"}}
1695144680,1,6477534976,6477534976/335992598.jpg,C0,{"ok":true,"result":{"file_id":"AgACAgEAAxkBAAICHGUJ2ucdEaZ9Ad0lS6EsqB2suxngAAJtrTEbIlVQRGhTjGpaYP8yAQADAgADeQADMAQ","file_unique_id":"AQADba0xGyJVUER-","file_size":146530,"file_path":"photos/file_82.jpg"}}
1695144803,1,6477534976,6477534976/335992599.jpg,C0,{"ok":true,"result":{"file_id":"AgACAgEAAxkBAAICHmUJ22P7uOBcgPY6M8LLrBuh_vzEAAJurTEbIlVQRN1DeW9G2HsFAQADAgADeQADMAQ","file_unique_id":"AQADbq0xGyJVUER-","file_size":107060,"file_path":"photos/file_83.jpg"}}
1695144869,1,6477534976,6477534976/335992600.jpg,C0,{"ok":true,"result":{"file_id":"AgACAgEAAxkBAAICIGUJ26UQksuhAAGaVAXY1DonsmhYUgACb60xGyJVUERYgsoOzgmR6AEAAwIAA3kAAzAE","file_unique_id":"AQADb60xGyJVUER-","file_size":136003,"file_path":"photos/file_84.jpg"}}
1695144918,1,6477534976,6477534976/335992601.jpg,C0,{"ok":true,"result":{"file_id":"AgACAgEAAxkBAAICImUJ29YkojUvu9I9QjWu7qV9p0IhAAJwrTEbIlVQRKbwf86f3BIYAQADAgADeQADMAQ","file_unique_id":"AQADcK0xGyJVUER-","file_size":170240,"file_path":"photos/file_85.jpg"}}
1695145129,1,6477534976,6477534976/335992602.jpg,C0,{"ok":true,"result":{"file_id":"AgACAgEAAxkBAAICJGUJ3KkrQoho0nSWdaNYY5yUWmdKAAJyrTEbIlVQRLsvMIBXwZfsAQADAgADeQADMAQ","file_unique_id":"AQADcq0xGyJVUER-","file_size":100745,"file_path":"photos/file_86.jpg"}}
1695145145,1,6477534976,6477534976/335992603.jpg,C0,{"ok":true,"result":{"file_id":"AgACAgEAAxkBAAICJmUJ3LlIutNQng3lmgPDBbm2vt2wAAJzrTEbIlVQRDiPCXpS00qeAQADAgADeAADMAQ","file_unique_id":"AQADc60xGyJVUER9","file_size":196066,"file_path":"photos/file_87.jpg"}}
1695145261,1,6477534976,6477534976/335992604.jpg,C0,{"ok":true,"result":{"file_id":"AgACAgEAAxkBAAICKGUJ3S0GqmJalWQVPwvKdjCRgYDwAAJ0rTEbIlVQRJdkviv17tN9AQADAgADeAADMAQ","file_unique_id":"AQADdK0xGyJVUER9","file_size":47914,"file_path":"photos/file_88.jpg"}}
1695145303,1,6477534976,6477534976/335992605.jpg,C0,{"ok":true,"result":{"file_id":"AgACAgEAAxkBAAICKmUJ3VckfaIsvThfbfCuFVepb0teAAJ2rTEbIlVQROlgxWk2da7PAQADAgADeQADMAQ","file_unique_id":"AQADdq0xGyJVUER-","file_size":114784,"file_path":"photos/file_89.jpg"}}
1695145351,1,6477534976,6477534976/335992606.jpg,C0,{"ok":true,"result":{"file_id":"AgACAgEAAxkBAAICLGUJ3YffbMKqNDtwhUDcU7LPtmPoAAJ3rTEbIlVQRMr5ajDAc3ByAQADAgADeQADMAQ","file_unique_id":"AQADd60xGyJVUER-","file_size":107531,"file_path":"photos/file_90.jpg"}}
1695145386,1,6477534976,6477534976/335992607.jpg,C0,{"ok":true,"result":{"file_id":"AgACAgEAAxkBAAICLmUJ3aqmondrwzoBJWMAAXoiR7tMEwACeK0xGyJVUEQZcfTJ719XEwEAAwIAA3gAAzAE","file_unique_id":"AQADeK0xGyJVUER9","file_size":178724,"file_path":"photos/file_91.jpg"}}
1695145492,1,6477534976,6477534976/335992608.jpg,C0,{"ok":true,"result":{"file_id":"AgACAgEAAxkBAAICMGUJ3hTaUQYNk4H3A8gIDKhaoYiKAAJ5rTEbIlVQRIUBimcn_9CAAQADAgADeQADMAQ","file_unique_id":"AQADea0xGyJVUER-","file_size":166128,"file_path":"photos/file_92.jpg"}}
1695145642,1,6477534976,6477534976/335992609.jpg,C0,{"ok":true,"result":{"file_id":"AgACAgEAAxkBAAICMmUJ3qpKq36Ou1sx1CXqeeirw7PbAAJ6rTEbIlVQRNUKizYjCVg7AQADAgADeAADMAQ","file_unique_id":"AQADeq0xGyJVUER9","file_size":54143,"file_path":"photos/file_93.jpg"}}
1695145913,1,6477534976,6477534976/335992610.jpg,C0,{"ok":true,"result":{"file_id":"AgACAgEAAxkBAAICNGUJ37lFwPvVU5fKwwABA_D3BWtJvgACZq0xGyJVUETFUIxLzwpEfQEAAwIAA3kAAzAE","file_unique_id":"AQADZq0xGyJVUER-","file_size":106257,"file_path":"photos/file_79.jpg"}}
1695146127,1,6477534976,6477534976/335992611.jpg,C2,{"ok":true,"result":{"file_id":"AgACAgEAAxkBAAICNWUJ4I8IUSKILi-B3DaS1JN3W_aSAAJ7rTEbIlVQRMWeK1F3Dx12AQADAgADeQADMAQ","file_unique_id":"AQADe60xGyJVUER-","file_size":101168,"file_path":"photos/file_94.jpg"}}
1695146257,1,6477534976,6477534976/335992612.jpg,C0,{"ok":true,"result":{"file_id":"AgACAgEAAxkBAAICN2UJ4RHYSIMve-aBRjkWl6utGnQbAAJ8rTEbIlVQRBwi4RJYZ-7jAQADAgADeQADMAQ","file_unique_id":"AQADfK0xGyJVUER-","file_size":147838,"file_path":"photos/file_95.jpg"}}
1695146645,1,6477534976,6477534976/335992613.jpg,C2,{"ok":true,"result":{"file_id":"AgACAgEAAxkBAAICOGUJ4pW2n5GYEWZ9KXF60-I8ROc2AAJ8rTEbIlVQRBwi4RJYZ-7jAQADAgADeQADMAQ","file_unique_id":"AQADfK0xGyJVUER-","file_size":147838,"file_path":"photos/file_95.jpg"}}
1695147866,1,6477534976,6477534976/335992614.jpg,C2,{"ok":true,"result":{"file_id":"AgACAgEAAxkBAAICOmUJ51o2pwkhYVR4hhHwPEtqdYGGAAJ8rTEbIlVQRBwi4RJYZ-7jAQADAgADeQADMAQ","file_unique_id":"AQADfK0xGyJVUER-","file_size":147838,"file_path":"photos/file_95.jpg"}}
1695147910,1,6477534976,6477534976/335992615.jpg,C2,{"ok":true,"result":{"file_id":"AgACAgEAAxkBAAICPGUJ54Z7PUGH7z37B2fo0lS6HPVQAAJlrTEbIlVQRIcBwMItgXyHAQADAgADeQADMAQ","file_unique_id":"AQADZa0xGyJVUER-","file_size":109232,"file_path":"photos/file_78.jpg"}}
1695147930,1,6477534976,6477534976/335992616.jpg,C0,{"ok":true,"result":{"file_id":"AgACAgEAAxkBAAICPmUJ55r10MpYL0iZymuhsSdhyuH1AAJVrDEbuQ1JRFTL5lD3ZyVxAQADAgADeQADMAQ","file_unique_id":"AQADVawxG7kNSUR-","file_size":151484,"file_path":"photos/file_66.jpg"}}
1695147972,1,6477534976,6477534976/335992617.jpg,C2,{"ok":true,"result":{"file_id":"AgACAgEAAxkBAAICP2UJ58Q9f3KFkeyH7zaOydY_7ti8AAJQrDEbuQ1JRDoqOI785LDUAQADAgADeQADMAQ","file_unique_id":"AQADUKwxG7kNSUR-","file_size":106790,"file_path":"photos/file_71.jpg"}}
1695148001,1,6477534976,6477534976/335992618.jpg,C0,{"ok":true,"result":{"file_id":"AgACAgEAAxkBAAICQWUJ5-FjXYqweX5ayWI4S9Ia11ChAAJYrDEbuQ1JRAj8cKhuTZMvAQADAgADeQADMAQ","file_unique_id":"AQADWKwxG7kNSUR-","file_size":83309,"file_path":"photos/file_64.jpg"}}
1695148037,1,6477534976,6477534976/335992619.jpg,C0,{"ok":true,"result":{"file_id":"AgACAgEAAxkBAAICQ2UJ6AVDQjTANCFNwDiqjB8vcX3jAAJOrDEbuQ1JRBEFobX6VkfAAQADAgADeQADMAQ","file_unique_id":"AQADTqwxG7kNSUR-","file_size":115983,"file_path":"photos/file_96.jpg"}}
1695148098,1,6477534976,6477534976/335992620.jpg,C0,{"ok":true,"result":{"file_id":"AgACAgEAAxkBAAICRWUJ6ELPqX4JheOE7FlXE9GY9o03AAJTrDEbuQ1JRFf-h36L_7KHAQADAgADeQADMAQ","file_unique_id":"AQADU6wxG7kNSUR-","file_size":67697,"file_path":"photos/file_97.jpg"}}
1695148127,1,6477534976,6477534976/335992621.jpg,C0,{"ok":true,"result":{"file_id":"AgACAgEAAxkBAAICR2UJ6F-tuN9-iPc6x8z4yAeMPwZWAAJVrDEbuQ1JRFTL5lD3ZyVxAQADAgADeQADMAQ","file_unique_id":"AQADVawxG7kNSUR-","file_size":151484,"file_path":"photos/file_66.jpg"}}
1695148143,1,6477534976,6477534976/335992622.jpg,C0,{"ok":true,"result":{"file_id":"AgACAgEAAxkBAAICSGUJ6G9SldBQnlI_AcZf--9oA2zGAAJVrDEbuQ1JRFTL5lD3ZyVxAQADAgADeQADMAQ","file_unique_id":"AQADVawxG7kNSUR-","file_size":151484,"file_path":"photos/file_66.jpg"}}
1695148167,1,6477534976,6477534976/335992623.jpg,C0,{"ok":true,"result":{"file_id":"AgACAgEAAxkBAAICSWUJ6Ic1fXUeq2dJRvUaAyA7oYTeAAJYrDEbuQ1JRAj8cKhuTZMvAQADAgADeQADMAQ","file_unique_id":"AQADWKwxG7kNSUR-","file_size":83309,"file_path":"photos/file_64.jpg"}}
1695148611,1,6477534976,6477534976/335992624.jpg,C0,{"ok":true,"result":{"file_id":"AgACAgEAAxkBAAICS2UJ6kPs1PhE2EqvTcHlC-faeQyKAAJYrDEbuQ1JRAj8cKhuTZMvAQADAgADeQADMAQ","file_unique_id":"AQADWKwxG7kNSUR-","file_size":83309,"file_path":"photos/file_64.jpg"}}
1695148639,1,6477534976,6477534976/335992625.jpg,C2,{"ok":true,"result":{"file_id":"AgACAgEAAxkBAAICTWUJ6l93UPv1CpnSNOc-1kRt46LeAAJ8rTEbIlVQRBwi4RJYZ-7jAQADAgADeQADMAQ","file_unique_id":"AQADfK0xGyJVUER-","file_size":147838,"file_path":"photos/file_95.jpg"}}
1695148830,1,6477534976,6477534976/335992626.jpg,C0,{"ok":true,"result":{"file_id":"AgACAgEAAxkBAAICT2UJ6x7ybmMVaUs5j9PgbF4P5kBMAAJYrDEbuQ1JRAj8cKhuTZMvAQADAgADeQADMAQ","file_unique_id":"AQADWKwxG7kNSUR-","file_size":83309,"file_path":"photos/file_64.jpg"}}
1695148851,1,6477534976,6477534976/335992627.jpg,C2,{"ok":true,"result":{"file_id":"AgACAgEAAxkBAAICUWUJ6zM4z7xXc7ksd7gJ3Nz45DmxAAJ8rTEbIlVQRBwi4RJYZ-7jAQADAgADeQADMAQ","file_unique_id":"AQADfK0xGyJVUER-","file_size":147838,"file_path":"photos/file_95.jpg"}}
1695149334,1,6477534976,6477534976/335992628.jpg,C2,{"ok":true,"result":{"file_id":"AgACAgEAAxkBAAICU2UJ7RaW542y0n1876QpHs2SI_MIAAJ8rTEbIlVQRBwi4RJYZ-7jAQADAgADeQADMAQ","file_unique_id":"AQADfK0xGyJVUER-","file_size":147838,"file_path":"photos/file_95.jpg"}}
1695149368,1,6477534976,6477534976/335992629.jpg,C0,{"ok":true,"result":{"file_id":"AgACAgEAAxkBAAICVWUJ7TjIoEtwRUUtCQ8ZuiCT97HTAAJYrDEbuQ1JRAj8cKhuTZMvAQADAgADeQADMAQ","file_unique_id":"AQADWKwxG7kNSUR-","file_size":83309,"file_path":"photos/file_64.jpg"}}
1695149404,1,6477534976,6477534976/335992630.jpg,C0,{"ok":true,"result":{"file_id":"AgACAgEAAxkBAAICV2UJ7VzPXlerm-TpWyAfkQzMePxZAAJSrDEbuQ1JRGT6zkUz5Nm_AQADAgADeQADMAQ","file_unique_id":"AQADUqwxG7kNSUR-","file_size":101678,"file_path":"photos/file_98.jpg"}}
1695149479,1,6477534976,6477534976/335992631.jpg,C0,{"ok":true,"result":{"file_id":"AgACAgEAAxkBAAICWWUJ7afNF5KdOjabWK52FaNaw78zAAJOrDEbuQ1JRBEFobX6VkfAAQADAgADeQADMAQ","file_unique_id":"AQADTqwxG7kNSUR-","file_size":115983,"file_path":"photos/file_96.jpg"}}
1695149595,1,6477534976,6477534976/335992632.jpg,C0,{"ok":true,"result":{"file_id":"AgACAgEAAxkBAAICW2UJ7hvWj1I6UBCG8_av2jeew6GMAAJSrTEbIlVQRO-ZsIhcQRb8AQADAgADeQADMAQ","file_unique_id":"AQADUq0xGyJVUER-","file_size":117945,"file_path":"photos/file_65.jpg"}}
1695149615,1,6477534976,6477534976/335992633.jpg,C0,{"ok":true,"result":{"file_id":"AgACAgEAAxkBAAICXWUJ7i9bmzAgKwup802lmXqMuK-FAAJYrDEbuQ1JRAj8cKhuTZMvAQADAgADeQADMAQ","file_unique_id":"AQADWKwxG7kNSUR-","file_size":83309,"file_path":"photos/file_64.jpg"}}
1695149631,1,6477534976,6477534976/335992634.jpg,C2,{"ok":true,"result":{"file_id":"AgACAgEAAxkBAAICX2UJ7j-ZPSzWikavZxwg81G9Dp_-AAJ8rTEbIlVQRBwi4RJYZ-7jAQADAgADeQADMAQ","file_unique_id":"AQADfK0xGyJVUER-","file_size":147838,"file_path":"photos/file_95.jpg"}}
1695149821,1,6477534976,6477534976/335992635.jpg,C2,{"ok":true,"result":{"file_id":"AgACAgEAAxkBAAICYWUJ7v1O7wZ15GfLCS1KqvuIc-naAAJ8rTEbIlVQRBwi4RJYZ-7jAQADAgADeQADMAQ","file_unique_id":"AQADfK0xGyJVUER-","file_size":147838,"file_path":"photos/file_95.jpg"}}
1695149848,1,6477534976,6477534976/335992636.jpg,C0,{"ok":true,"result":{"file_id":"AgACAgEAAxkBAAICY2UJ7xil1-OKUW5h3nICvU0vGm9kAAJYrDEbuQ1JRAj8cKhuTZMvAQADAgADeQADMAQ","file_unique_id":"AQADWKwxG7kNSUR-","file_size":83309,"file_path":"photos/file_64.jpg"}}
1695149872,1,6477534976,6477534976/335992637.jpg,C0,{"ok":true,"result":{"file_id":"AgACAgEAAxkBAAICZWUJ7zA_RqC0_NHOupPtLhcVQInjAAJVrDEbuQ1JRFTL5lD3ZyVxAQADAgADeQADMAQ","file_unique_id":"AQADVawxG7kNSUR-","file_size":151484,"file_path":"photos/file_66.jpg"}}
1695149924,1,6477534976,6477534976/335992638.jpg,C0,{"ok":true,"result":{"file_id":"AgACAgEAAxkBAAICZmUJ72S9kiffSN2F5AQvcqj8fU-ZAAJVrDEbuQ1JRFTL5lD3ZyVxAQADAgADeQADMAQ","file_unique_id":"AQADVawxG7kNSUR-","file_size":151484,"file_path":"photos/file_66.jpg"}}
1695150240,1,6477534976,6477534976/335992639.jpg,C2,{"ok":true,"result":{"file_id":"AgACAgEAAxkBAAICZ2UJ8KAL76N-SczI1jcY6Oc9yA8AA3ytMRsiVVBEHCLhElhn7uMBAAMCAAN5AAMwBA","file_unique_id":"AQADfK0xGyJVUER-","file_size":147838,"file_path":"photos/file_95.jpg"}}
1695150266,1,6477534976,6477534976/335992640.jpg,C0,{"ok":true,"result":{"file_id":"AgACAgEAAxkBAAICaWUJ8LqEnKTGwfKXMzNWGXL4picEAAJVrDEbuQ1JRFTL5lD3ZyVxAQADAgADeQADMAQ","file_unique_id":"AQADVawxG7kNSUR-","file_size":151484,"file_path":"photos/file_66.jpg"}}
1695150393,1,6477534976,6477534976/335992641.jpg,C2,{"ok":true,"result":{"file_id":"AgACAgEAAxkBAAICamUJ8TkUCbjN-D-WllfxrmCDFB79AAJ8rTEbIlVQRBwi4RJYZ-7jAQADAgADeQADMAQ","file_unique_id":"AQADfK0xGyJVUER-","file_size":147838,"file_path":"photos/file_95.jpg"}}
1695150430,1,6477534976,6477534976/335992642.jpg,C0,{"ok":true,"result":{"file_id":"AgACAgEAAxkBAAICbGUJ8V5rmMGPqtWn_TadCyMVx6q1AAJVrDEbuQ1JRFTL5lD3ZyVxAQADAgADeQADMAQ","file_unique_id":"AQADVawxG7kNSUR-","file_size":151484,"file_path":"photos/file_66.jpg"}}
1695150478,1,6477534976,6477534976/335992643.jpg,C0,{"ok":true,"result":{"file_id":"AgACAgEAAxkBAAICbWUJ8Y48tufHu_7tY_YPv4KRKOZ9AAJYrDEbuQ1JRAj8cKhuTZMvAQADAgADeQADMAQ","file_unique_id":"AQADWKwxG7kNSUR-","file_size":83309,"file_path":"photos/file_64.jpg"}}
1695151119,1,6477534976,6477534976/335992644.jpg,C0,{"ok":true,"result":{"file_id":"AgACAgEAAxkBAAICb2UJ9A93xQhspcQmM83j6Xzy2IcLAAJSrDEbuQ1JRGT6zkUz5Nm_AQADAgADeQADMAQ","file_unique_id":"AQADUqwxG7kNSUR-","file_size":101678,"file_path":"photos/file_98.jpg"}}
1695151146,1,6477534976,6477534976/335992645.jpg,C2,{"ok":true,"result":{"file_id":"AgACAgEAAxkBAAICcWUJ9Cqbb16yT_TYNHruVVBp1OAqAAJ8rTEbIlVQRBwi4RJYZ-7jAQADAgADeQADMAQ","file_unique_id":"AQADfK0xGyJVUER-","file_size":147838,"file_path":"photos/file_95.jpg"}}
1695151241,1,6477534976,6477534976/335992646.jpg,C0,{"ok":true,"result":{"file_id":"AgACAgEAAxkBAAICc2UJ9IkkDuf6ctFBWNxcUPFqGkfNAAJRrDEbuQ1JRJBmeyG0YOENAQADAgADeQADMAQ","file_unique_id":"AQADUawxG7kNSUR-","file_size":71948,"file_path":"photos/file_68.jpg"}}
1695151350,1,6477534976,6477534976/335992647.jpg,C0,{"ok":true,"result":{"file_id":"AgACAgEAAxkBAAICdWUJ9PYOV9VxW2EUQy2oai2_ZhgfAAKFrTEbIlVQRPrz1uNXy4x6AQADAgADeQADMAQ","file_unique_id":"AQADha0xGyJVUER-","file_size":97080,"file_path":"photos/file_99.jpg"}}
1695151743,1,6477534976,6477534976/335992648.jpg,C0,{"ok":true,"result":{"file_id":"AgACAgEAAxkBAAICd2UJ9n_E9hLm9PTnEDDBPYIV3wYtAAJYrDEbuQ1JRAj8cKhuTZMvAQADAgADeQADMAQ","file_unique_id":"AQADWKwxG7kNSUR-","file_size":83309,"file_path":"photos/file_64.jpg"}}
1695152414,1,6477534976,6477534976/335992649.jpg,C0,{"ok":true,"result":{"file_id":"AgACAgEAAxkBAAICeWUJ-R5z-FGmng7l3FI-WVPGc2EIAAJYrDEbuQ1JRAj8cKhuTZMvAQADAgADeQADMAQ","file_unique_id":"AQADWKwxG7kNSUR-","file_size":83309,"file_path":"photos/file_64.jpg"}}
1695152517,1,6477534976,6477534976/335992650.jpg,C0,{"ok":true,"result":{"file_id":"AgACAgEAAxkBAAICe2UJ-YURlSkq-6MeONmhBYKpMKvvAAJYrDEbuQ1JRAj8cKhuTZMvAQADAgADeQADMAQ","file_unique_id":"AQADWKwxG7kNSUR-","file_size":83309,"file_path":"photos/file_64.jpg"}}
1695152748,1,6477534976,6477534976/335992651.jpg,C0,{"ok":true,"result":{"file_id":"AgACAgEAAxkBAAICfWUJ-mzkRw0-4t8K5VXoqD8_WR8WAAJYrDEbuQ1JRAj8cKhuTZMvAQADAgADeQADMAQ","file_unique_id":"AQADWKwxG7kNSUR-","file_size":83309,"file_path":"photos/file_64.jpg"}}
1695153087,1,6477534976,6477534976/335992652.jpg,C0,{"ok":true,"result":{"file_id":"AgACAgEAAxkBAAICf2UJ-78mOA71SEvO7P4GxGJ7OwAB8QACWKwxG7kNSUQI_HCobk2TLwEAAwIAA3kAAzAE","file_unique_id":"AQADWKwxG7kNSUR-","file_size":83309,"file_path":"photos/file_64.jpg"}}
1695153206,1,6477534976,6477534976/335992653.jpg,C0,{"ok":true,"result":{"file_id":"AgACAgEAAxkBAAICgWUJ_DYbBTuMcK03fd4JvwvNEjsgAAJYrDEbuQ1JRAj8cKhuTZMvAQADAgADeQADMAQ","file_unique_id":"AQADWKwxG7kNSUR-","file_size":83309,"file_path":"photos/file_64.jpg"}}
1695153311,1,6477534976,6477534976/335992654.jpg,C3,{"ok":true,"result":{"file_id":"AgACAgEAAxkBAAICg2UJ_J8P1z1xlRsLeAP99W55IXUIAAJYrDEbuQ1JRAj8cKhuTZMvAQADAgADeQADMAQ","file_unique_id":"AQADWKwxG7kNSUR-","file_size":83309,"file_path":"photos/file_64.jpg"}}
1695153394,1,6477534976,6477534976/335992655.jpg,C3,{"ok":true,"result":{"file_id":"AgACAgEAAxkBAAIChWUJ_PIyZgpFjAsFWe5thsGZm7oxAAJYrDEbuQ1JRAj8cKhuTZMvAQADAgADeQADMAQ","file_unique_id":"AQADWKwxG7kNSUR-","file_size":83309,"file_path":"photos/file_64.jpg"}}
1695153784,1,6477534976,6477534976/335992656.jpg,C3,{"ok":true,"result":{"file_id":"AgACAgEAAxkBAAICh2UJ_nguOszrhkqY4OFGuJSSoQABDQACWKwxG7kNSUQI_HCobk2TLwEAAwIAA3kAAzAE","file_unique_id":"AQADWKwxG7kNSUR-","file_size":83309,"file_path":"photos/file_64.jpg"}}
1695153950,1,6477534976,6477534976/335992657.jpg,C3,{"ok":true,"result":{"file_id":"AgACAgEAAxkBAAICiWUJ_x7hVgzuaZE-vt9zJyJASfsIAAJYrDEbuQ1JRAj8cKhuTZMvAQADAgADeQADMAQ","file_unique_id":"AQADWKwxG7kNSUR-","file_size":83309,"file_path":"photos/file_64.jpg"}}
1695154159,1,6477534976,6477534976/335992658.jpg,C3,{"ok":true,"result":{"file_id":"AgACAgEAAxkBAAICi2UJ_-9XAAFjbxIAAf4x4v3A5V7FYyMAAlisMRu5DUlECPxwqG5Nky8BAAMCAAN5AAMwBA","file_unique_id":"AQADWKwxG7kNSUR-","file_size":83309,"file_path":"photos/file_64.jpg"}}
1695154434,1,6477534976,6477534976/335992659.jpg,C3,{"ok":true,"result":{"file_id":"AgACAgEAAxkBAAICjWUKAQKfdI2cvFs1UJcyRJoFkC8aAAJYrDEbuQ1JRAj8cKhuTZMvAQADAgADeQADMAQ","file_unique_id":"AQADWKwxG7kNSUR-","file_size":83309,"file_path":"photos/file_64.jpg"}}
1695154446,1,6477534976,6477534976/335992660.jpg,C2,{"ok":true,"result":{"file_id":"AgACAgEAAxkBAAICj2UKAQ6WZOiz0SXpBOYWzfWHowskAAJ8rTEbIlVQRBwi4RJYZ-7jAQADAgADeQADMAQ","file_unique_id":"AQADfK0xGyJVUER-","file_size":147838,"file_path":"photos/file_95.jpg"}}
1695154466,1,6477534976,6477534976/335992661.jpg,C2,{"ok":true,"result":{"file_id":"AgACAgEAAxkBAAICkWUKASJzDZPMWTAeRM8xM0eqhf-BAAJXrDEbuQ1JREhNTx_oWC0_AQADAgADeQADMAQ","file_unique_id":"AQADV6wxG7kNSUR-","file_size":65607,"file_path":"photos/file_67.jpg"}}
1695154500,1,6477534976,6477534976/335992662.jpg,C0,{"ok":true,"result":{"file_id":"AgACAgEAAxkBAAICk2UKAUTYiuZfBRS7DF2LXAGxDZu5AAJSrTEbIlVQRO-ZsIhcQRb8AQADAgADeQADMAQ","file_unique_id":"AQADUq0xGyJVUER-","file_size":117945,"file_path":"photos/file_65.jpg"}}
1695160215,1,6477534976,6477534976/335992663.jpg,C0,{"ok":true,"result":{"file_id":"AgACAgEAAxkBAAIClWUKF5e6lZpKRQRU34tgLO0x6lQUAAJ6rTEbIlVQRNUKizYjCVg7AQADAgADeAADMAQ","file_unique_id":"AQADeq0xGyJVUER9","file_size":54143,"file_path":"photos/file_93.jpg"}}
1695165081,1,6477534976,6477534976/335992664.jpg,C0,{"ok":true,"result":{"file_id":"AgACAgEAAxkBAAICl2UKKpl24DeqQK5UXMjJBZV9qbXkAAKNrDEbIlVYRHVlX_zfSEEZAQADAgADeAADMAQ","file_unique_id":"AQADjawxGyJVWER9","file_size":111026,"file_path":"photos/file_100.jpg"}}
1695165145,1,6477534976,6477534976/335992665.jpg,C0,{"ok":true,"result":{"file_id":"AgACAgEAAxkBAAICmWUKKtlpZOajS9y1tkh9crjUa1TrAAKOrDEbIlVYRGSjNSX2H1sHAQADAgADeQADMAQ","file_unique_id":"AQADjqwxGyJVWER-","file_size":114784,"file_path":"photos/file_101.jpg"}}
1695165189,1,6477534976,6477534976/335992666.jpg,C0,{"ok":true,"result":{"file_id":"AgACAgEAAxkBAAICm2UKKwXxTsZzn5L0KmRSa5OCb6bAAAKPrDEbIlVYRFi9oG4SDd-sAQADAgADeQADMAQ","file_unique_id":"AQADj6wxGyJVWER-","file_size":170240,"file_path":"photos/file_102.jpg"}}
1695165353,1,6477534976,6477534976/335992667.jpg,C0,{"ok":true,"result":{"file_id":"AgACAgEAAxkBAAICnWUKK6kouyGSa0YaXU47Mk4g-9tLAAKQrDEbIlVYRKuvonP_uB63AQADAgADeQADMAQ","file_unique_id":"AQADkKwxGyJVWER-","file_size":79564,"file_path":"photos/file_103.jpg"}}
1695165393,1,6477534976,6477534976/335992668.jpg,C0,{"ok":true,"result":{"file_id":"AgACAgEAAxkBAAICn2UKK9HPvnNLPtLs4Q37oZ54z9dPAAJ6rTEbIlVQRNUKizYjCVg7AQADAgADeAADMAQ","file_unique_id":"AQADeq0xGyJVUER9","file_size":54143,"file_path":"photos/file_93.jpg"}}
1695165474,1,6477534976,6477534976/335992669.jpg,C101,{"ok":true,"result":{"file_id":"AgACAgEAAxkBAAICoWUKLCJpsIExrm732na4kRzgOud-AAJ8rTEbIlVQRBwi4RJYZ-7jAQADAgADeQADMAQ","file_unique_id":"AQADfK0xGyJVUER-","file_size":147838,"file_path":"photos/file_95.jpg"}}
1695165513,1,6477534976,6477534976/335992670.jpg,C102,{"ok":true,"result":{"file_id":"AgACAgEAAxkBAAICo2UKLEn32uyIXfWpy3oSXcoa6rJjAAJYrDEbuQ1JRAj8cKhuTZMvAQADAgADeQADMAQ","file_unique_id":"AQADWKwxG7kNSUR-","file_size":83309,"file_path":"photos/file_64.jpg"}}
1695165578,1,6477534976,6477534976/335992671.jpg,C102,{"ok":true,"result":{"file_id":"AgACAgEAAxkBAAICpWUKLIoJShapKSQhw5uWe7El-BIlAAJYrDEbuQ1JRAj8cKhuTZMvAQADAgADeQADMAQ","file_unique_id":"AQADWKwxG7kNSUR-","file_size":83309,"file_path":"photos/file_64.jpg"}}
1695165614,1,6477534976,6477534976/335992672.jpg,C4,{"ok":true,"result":{"file_id":"AgACAgEAAxkBAAICp2UKLK7fvb0hczVEVHhqO-r9YqmEAAKRrDEbIlVYRGsIrM9T_5iYAQADAgADeQADMAQ","file_unique_id":"AQADkawxGyJVWER-","file_size":35218,"file_path":"photos/file_104.jpg"}}
1695165759,1,6477534976,6477534976/335992673.jpg,C101,{"ok":true,"result":{"file_id":"AgACAgEAAxkBAAICqWUKLT-70uUhsVJL-mvFIgjGpItLAAJ8rTEbIlVQRBwi4RJYZ-7jAQADAgADeQADMAQ","file_unique_id":"AQADfK0xGyJVUER-","file_size":147838,"file_path":"photos/file_95.jpg"}}
1695165827,1,6477534976,6477534976/335992674.jpg,C4,{"ok":true,"result":{"file_id":"AgACAgEAAxkBAAICq2UKLYNPr1GFmapGLkRI5GLN_QeOAAKRrDEbIlVYRGsIrM9T_5iYAQADAgADeQADMAQ","file_unique_id":"AQADkawxGyJVWER-","file_size":35218,"file_path":"photos/file_104.jpg"}}
1695170729,1,6477534976,6477534976/335992676.jpg,C101,{"ok":true,"result":{"file_id":"AgACAgEAAxkBAAICrmUKQKn44aGByRE8OExiE79xc1i8AAKTrDEbIlVYRKPtqOHOr89MAQADAgADeQADMAQ","file_unique_id":"AQADk6wxGyJVWER-","file_size":163862,"file_path":"photos/file_105"}}
1695256702,1,6477534976,6477534976/335992677.jpg,C0,{"ok":true,"result":{"file_id":"AgACAgEAAxkBAAICsGULkH5hEhlIvkCLmcYtUY7DAh1oAAIsrDEbEHthRDghuPztu0i2AQADAgADeQADMAQ","file_unique_id":"AQADLKwxGxB7YUR-","file_size":163862,"file_path":"photos/file_106.jpg"}}
1695256702,1,6477534976,6477534976/335992677.jpg,C0,{"ok":true,"result":{"file_id":"AgACAgEAAxkBAAICsGULkH5hEhlIvkCLmcYtUY7DAh1oAAIsrDEbEHthRDghuPztu0i2AQADAgADeQADMAQ","file_unique_id":"AQADLKwxGxB7YUR-","file_size":163862,"file_path":"photos/file_106.jpg"}}
1695256852,1,6477534976,6477534976/335992678.jpg,C102,{"ok":true,"result":{"file_id":"AgACAgEAAxkBAAICsmULkRQP1cnPKlHIpjA0DujitrbQAAItrDEbEHthRHWptOboM55ZAQADAgADeQADMAQ","file_unique_id":"AQADLawxGxB7YUR-","file_size":202319,"file_path":"photos/file_107.jpg"}}
1695256866,1,6477534976,6477534976/335992679.jpg,C102,{"ok":true,"result":{"file_id":"AgACAgEAAxkBAAICs2ULkSLgR8M5p9bjSUviThyxAAHlvQACLqwxGxB7YUT5u3j8aKKowAEAAwIAA20AAzAE","file_unique_id":"AQADLqwxGxB7YURy","file_size":27606,"file_path":"photos/file_108.jpg"}}
1695256938,1,6477534976,6477534976/335992680.jpg,C4,{"ok":true,"result":{"file_id":"AgACAgEAAxkBAAICtmULkWoU0WBmcrP0KsmqGAABPgzrcwACUKwxG7kNSUQ6KjiO_OSw1AEAAwIAA3kAAzAE","file_unique_id":"AQADUKwxG7kNSUR-","file_size":106790,"file_path":"photos/file_109.jpg"}}
1695257781,1,6477534976,6477534976/335992681.jpg,C0,{"ok":true,"result":{"file_id":"AgACAgEAAxkBAAICuGULlLVPpU6JRClPCwImhGpE7q4CAAIwrDEbEHthRMurv_HCzUVyAQADAgADeAADMAQ","file_unique_id":"AQADMKwxGxB7YUR9","file_size":70652,"file_path":"photos/file_110.jpg"}}
1695257781,1,6477534976,6477534976/335992681.jpg,C0,{"ok":true,"result":{"file_id":"AgACAgEAAxkBAAICuGULlLVPpU6JRClPCwImhGpE7q4CAAIwrDEbEHthRMurv_HCzUVyAQADAgADeAADMAQ","file_unique_id":"AQADMKwxGxB7YUR9","file_size":70652,"file_path":"photos/file_110.jpg"}}
1695258051,1,6477534976,6477534976/335992682.jpg,C101,{"ok":true,"result":{"file_id":"AgACAgEAAxkBAAICumULlcMhyIvYP0x_7Dqbd2RPvFvvAAJQrDEbuQ1JRDoqOI785LDUAQADAgADeQADMAQ","file_unique_id":"AQADUKwxG7kNSUR-","file_size":106790,"file_path":"photos/file_109.jpg"}}
1695258093,1,6477534976,6477534976/335992683.jpg,C0,{"ok":true,"result":{"file_id":"AgACAgEAAxkBAAICvGULle1b-noUF3O2_6BF67IlJ2ZDAAJSrTEbIlVQRO-ZsIhcQRb8AQADAgADeQADMAQ","file_unique_id":"AQADUq0xGyJVUER-","file_size":117945,"file_path":"photos/file_111.jpg"}}
1695258093,1,6477534976,6477534976/335992683.jpg,C0,{"ok":true,"result":{"file_id":"AgACAgEAAxkBAAICvGULle1b-noUF3O2_6BF67IlJ2ZDAAJSrTEbIlVQRO-ZsIhcQRb8AQADAgADeQADMAQ","file_unique_id":"AQADUq0xGyJVUER-","file_size":117945,"file_path":"photos/file_111.jpg"}}
1695258093,1,6477534976,6477534976/335992683.jpg,C0,{"ok":true,"result":{"file_id":"AgACAgEAAxkBAAICvGULle1b-noUF3O2_6BF67IlJ2ZDAAJSrTEbIlVQRO-ZsIhcQRb8AQADAgADeQADMAQ","file_unique_id":"AQADUq0xGyJVUER-","file_size":117945,"file_path":"photos/file_111.jpg"}}
1695258093,1,6477534976,6477534976/335992683.jpg,C0,{"ok":true,"result":{"file_id":"AgACAgEAAxkBAAICvGULle1b-noUF3O2_6BF67IlJ2ZDAAJSrTEbIlVQRO-ZsIhcQRb8AQADAgADeQADMAQ","file_unique_id":"AQADUq0xGyJVUER-","file_size":117945,"file_path":"photos/file_111.jpg"}}
1695258093,1,6477534976,6477534976/335992683.jpg,C0,{"ok":true,"result":{"file_id":"AgACAgEAAxkBAAICvGULle1b-noUF3O2_6BF67IlJ2ZDAAJSrTEbIlVQRO-ZsIhcQRb8AQADAgADeQADMAQ","file_unique_id":"AQADUq0xGyJVUER-","file_size":117945,"file_path":"photos/file_111.jpg"}}
1695259429,1,6477534976,6477534976/335992684.jpg,C0,{"ok":true,"result":{"file_id":"AgACAgEAAxkBAAICvmULmyUsajoYBtZH_tZT1yi_oYdVAAIyrDEbEHthRD2kRq0CSQTLAQADAgADeAADMAQ","file_unique_id":"AQADMqwxGxB7YUR9","file_size":117643,"file_path":"photos/file_112.jpg"}}
1695259675,1,6477534976,6477534976/335992686.jpg,C0,{"ok":true,"result":{"file_id":"AgACAgEAAxkBAAICwmULnBsfQU2g8v_tsLEsz_w6VqMYAAIzrDEbEHthRGXUXjLdrIyEAQADAgADeQADMAQ","file_unique_id":"AQADM6wxGxB7YUR-","file_size":157935,"file_path":"photos/file_113.jpg"}}
1695259761,1,6477534976,6477534976/335992687.jpg,C0,{"ok":true,"result":{"file_id":"AgACAgEAAxkBAAICxGULnHH3TCYNf-zSkNhmgtlgIrdTAAIzrDEbEHthRGXUXjLdrIyEAQADAgADeQADMAQ","file_unique_id":"AQADM6wxGxB7YUR-","file_size":157935,"file_path":"photos/file_113.jpg"}}
1695259806,1,6477534976,6477534976/335992688.jpg,C0,{"ok":true,"result":{"file_id":"AgACAgEAAxkBAAICxmULnJ6SfaPRX_JO-8S-A5fjoCpGAAI0rDEbEHthRIWx9H1r5qyeAQADAgADeQADMAQ","file_unique_id":"AQADNKwxGxB7YUR-","file_size":79564,"file_path":"photos/file_114.jpg"}}
1695259927,1,6477534976,6477534976/335992689.jpg,C0,{"ok":true,"result":{"file_id":"AgACAgEAAxkBAAICyGULnRc50uq5HK6MI8-nqgABv5NhHwACNawxGxB7YUTEgAahlIAHrAEAAwIAA3kAAzAE","file_unique_id":"AQADNawxGxB7YUR-","file_size":121584,"file_path":"photos/file_115.jpg"}}
1695259960,1,6477534976,6477534976/335992690.jpg,C0,{"ok":true,"result":{"file_id":"AgACAgEAAxkBAAICymULnTiFwkVm0ciSV3f-PgeHlJipAAI2rDEbEHthRHvRpyu-jemaAQADAgADeQADMAQ","file_unique_id":"AQADNqwxGxB7YUR-","file_size":245294,"file_path":"photos/file_116.jpg"}}
1695259960,1,6477534976,6477534976/335992690.jpg,C0,{"ok":true,"result":{"file_id":"AgACAgEAAxkBAAICymULnTiFwkVm0ciSV3f-PgeHlJipAAI2rDEbEHthRHvRpyu-jemaAQADAgADeQADMAQ","file_unique_id":"AQADNqwxGxB7YUR-","file_size":245294,"file_path":"photos/file_116.jpg"}}
1695260090,1,6477534976,6477534976/335992691.jpg,C0,{"ok":true,"result":{"file_id":"AgACAgEAAxkBAAICzGULnbqlClfajnkIto5Dm5mAroYDAAI3rDEbEHthRIv5S-q95C87AQADAgADeQADMAQ","file_unique_id":"AQADN6wxGxB7YUR-","file_size":104846,"file_path":"photos/file_117.jpg"}}
1695260137,1,6477534976,6477534976/335992692.jpg,C0,{"ok":true,"result":{"file_id":"AgACAgEAAxkBAAICzmULnei8XMZfxtBx7-9mKpyrlWHhAAI4rDEbEHthRKuwe0XzXIX3AQADAgADeQADMAQ","file_unique_id":"AQADOKwxGxB7YUR-","file_size":158600,"file_path":"photos/file_118.jpg"}}
1695260214,1,6477534976,6477534976/335992693.jpg,C0,{"ok":true,"result":{"file_id":"AgACAgEAAxkBAAIC0GULnjZWQaZ4tKK3333D6tEpz3ooAAI5rDEbEHthRAEcQshKQJwpAQADAgADeQADMAQ","file_unique_id":"AQADOawxGxB7YUR-","file_size":145945,"file_path":"photos/file_119.jpg"}}
1695260295,1,6477534976,6477534976/335992694.jpg,C0,{"ok":true,"result":{"file_id":"AgACAgEAAxkBAAIC0mULnod10xr9Ofp75A5PYPFq98lPAAI6rDEbEHthRJRIaHa0bWL9AQADAgADeAADMAQ","file_unique_id":"AQADOqwxGxB7YUR9","file_size":26958,"file_path":"photos/file_120.jpg"}}
1695260352,1,6477534976,6477534976/335992695.jpg,C101,{"ok":true,"result":{"file_id":"AgACAgEAAxkBAAIC1GULnsDWCgsIBa2RCcK0HaxG8hzEAAI7rDEbEHthREvjo7ByZUpBAQADAgADeQADMAQ","file_unique_id":"AQADO6wxGxB7YUR-","file_size":188534,"file_path":"photos/file_121.jpg"}}
,1,,/.jpg,,
,1,,/.jpg,,
,1,,/.jpg,,
,1,,/.jpg,,
,1,,/.jpg,,
,1,,/.jpg,,
,1,,/.jpg,,
,1,,/.jpg,,
,1,,/.jpg,,
,1,,/.jpg,,
,1,,/.jpg,,
,1,,/.jpg,,
,1,,/.jpg,,
,1,,/.jpg,,
,1,,/.jpg,,
,1,,/.jpg,,
,1,,/.jpg,,
,1,,/.jpg,,
,1,,/.jpg,,
,1,,/.jpg,,
,1,,/.jpg,,
,1,,/.jpg,,
,1,,/.jpg,,
,1,,/.jpg,,
,1,,/.jpg,,
,1,,/.jpg,,
,1,,/.jpg,,
,1,,/.jpg,,
,1,,/.jpg,,
,1,,/.jpg,,
,1,,/.jpg,,
,1,,/.jpg,,
,1,,/.jpg,,
,1,,/.jpg,,
,1,,/.jpg,,
,1,,/.jpg,,
,1,,/.jpg,,
,1,,/.jpg,,
,1,,/.jpg,,
,1,,/.jpg,,
,1,,/.jpg,,
,1,,/.jpg,,
,1,,/.jpg,,
,1,,/.jpg,,
,1,,/.jpg,,
,1,,/.jpg,,
,1,,/.jpg,,
,1,,/.jpg,,
,1,,/.jpg,,
,1,,/.jpg,,
,1,,/.jpg,,
,1,,/.jpg,,
,1,,/.jpg,,
,1,,/.jpg,,
,1,,/.jpg,,
,1,,/.jpg,,
,1,,/.jpg,,
1712275332,1,6477534976,6477534976/335992728.jpg,C101,{"ok":true,"result":{"file_id":"AgACAgEAAxkBAAIDGGYPP4T6Re8jdOf5KhLNB42aoYlaAAKzrDEbk6l5RMwwLKzSRVZOAQADAgADeQADNAQ","file_unique_id":"AQADs6wxG5OpeUR-","file_size":78747,"file_path":"photos/file_145.jpg"}}
,1,6477534976,6477534976/335992729.jpg,,
1712275797,1,6477534976,6477534976/335992730.jpg,C101,{"ok":true,"result":{"file_id":"AgACAgEAAxkBAAIDG2YPQVRC188OOhFh_FseKFAbnnBeAAK1rDEbk6l5RNw9c6TeT5TkAQADAgADeAADNAQ","file_unique_id":"AQADtawxG5OpeUR9","file_size":20007,"file_path":"photos/file_146.jpg"}}
1712275887,1,6477534976,6477534976/335992731.jpg,C0,{"ok":true,"result":{"file_id":"AgACAgEAAxkBAAIDHWYPQa-h6jevjMpphOkTPyf5hnxnAAK1rDEbk6l5RNw9c6TeT5TkAQADAgADeAADNAQ","file_unique_id":"AQADtawxG5OpeUR9","file_size":20007,"file_path":"photos/file_146.jpg"}}
1712275887,1,6477534976,6477534976/335992732.jpg,C0,{"ok":true,"result":{"file_id":"AgACAgEAAxkBAAIDHWYPQa-h6jevjMpphOkTPyf5hnxnAAK1rDEbk6l5RNw9c6TeT5TkAQADAgADeAADNAQ","file_unique_id":"AQADtawxG5OpeUR9","file_size":20007,"file_path":"photos/file_146.jpg"}}
1712275887,1,6477534976,6477534976/335992733.jpg,C0,{"ok":true,"result":{"file_id":"AgACAgEAAxkBAAIDHWYPQa-h6jevjMpphOkTPyf5hnxnAAK1rDEbk6l5RNw9c6TeT5TkAQADAgADeAADNAQ","file_unique_id":"AQADtawxG5OpeUR9","file_size":20007,"file_path":"photos/file_146.jpg"}}
1712275887,1,6477534976,6477534976/335992734.jpg,C0,{"ok":true,"result":{"file_id":"AgACAgEAAxkBAAIDHWYPQa-h6jevjMpphOkTPyf5hnxnAAK1rDEbk6l5RNw9c6TeT5TkAQADAgADeAADNAQ","file_unique_id":"AQADtawxG5OpeUR9","file_size":20007,"file_path":"photos/file_146.jpg"}}
,1,6477534976,6477534976/335992749.jpg,,
,1,6477534976,6477534976/335992750.jpg,,
,1,6477534976,6477534976/335992751.jpg,,
1712704006,1,6477534976,6477534976/335992752.jpg,C0,{"ok":true,"result":{"file_id":"AgACAgEAAxkBAAIDPmYVygbt3QT3FnLQDAg__MKyh3-cAAKirzEbfY6oREjP2J2ndCT3AQADAgADeAADNAQ","file_unique_id":"AQADoq8xG32OqER9","file_size":26616,"file_path":"photos/file_147.jpg"}}
1712704006,1,6477534976,6477534976/335992753.jpg,C0,{"ok":true,"result":{"file_id":"AgACAgEAAxkBAAIDPmYVygbt3QT3FnLQDAg__MKyh3-cAAKirzEbfY6oREjP2J2ndCT3AQADAgADeAADNAQ","file_unique_id":"AQADoq8xG32OqER9","file_size":26616,"file_path":"photos/file_147.jpg"}}
1712704271,1,6477534976,6477534976/335992754.jpg,C0,{"ok":true,"result":{"file_id":"AgACAgEAAxkBAAIDQmYVyw992tO_l2l_pM9Egx-d0DpeAAKjrzEbfY6oRGp7ooSABs-UAQADAgADeQADNAQ","file_unique_id":"AQADo68xG32OqER-","file_size":99352,"file_path":"photos/file_148.jpg"}}
,1,6477534976,6477534976/335992755.jpg,,
,1,6477534976,6477534976/335992756.jpg,,
,1,6477534976,6477534976/335992757.jpg,,
,1,6477534976,6477534976/335992757.jpg,,
,1,6477534976,6477534976/335992758.jpg,,
,1,6477534976,6477534976/335992759.jpg,,
,1,6477534976,6477534976/335992760.jpg,,
,1,6477534976,6477534976/335992761.jpg,,
,1,6477534976,6477534976/335992762.jpg,,
,1,6477534976,6477534976/335992763.jpg,,
,1,6477534976,6477534976/335992764.jpg,,
,1,6477534976,6477534976/335992765.jpg,,
,1,6477534976,6477534976/335992766.jpg,,
,1,6477534976,6477534976/335992767.jpg,,
,1,6477534976,6477534976/335992768.jpg,,
,1,6477534976,6477534976/335992769.jpg,,
,1,6477534976,6477534976/335992770.jpg,,
,1,6477534976,6477534976/335992771.jpg,,
,1,6477534976,6477534976/335992772.jpg,,
,1,6477534976,6477534976/335992773.jpg,,
,1,6477534976,6477534976/335992774.jpg,,
,1,6477534976,6477534976/335992775.jpg,,
,1,6477534976,6477534976/335992776.jpg,,
,1,6477534976,6477534976/335992777.jpg,,
,1,6477534976,6477534976/335992778.jpg,,
,1,6477534976,6477534976/335992779.jpg,,
,1,6477534976,6477534976/335992780.jpg,,
,1,6477534976,6477534976/335992781.jpg,,
,1,6477534976,6477534976/335992782.jpg,,
,1,6477534976,6477534976/335992783.jpg,,
,1,6477534976,6477534976/335992784.jpg,,
1713882637,1,6477534976,6477534976/335992785.jpg,C0,{"ok":true,"result":{"file_id":"AgACAgEAAxkBAAIDf2Ynxg0CFNleU4mqEsalwPd6X0zZAAKJrTEb4jpARbPTL09ftF4OAQADAgADeQADNAQ","file_unique_id":"AQADia0xG-I6QEV-","file_size":125050,"file_path":"photos/file_177.jpg"}}
1713892924,1,6477534976,6477534976/335992786.jpg,C0,{"ok":true,"result":{"file_id":"AgACAgEAAxkBAAIDgWYn7jwfPjZhPy6wfo6xVx5B02wUAAIdrjEbmAVBRRVaFXAOowa7AQADAgADeQADNAQ","file_unique_id":"AQADHa4xG5gFQUV-","file_size":52160,"file_path":"photos/file_178.jpg"}}
1713893091,1,6477534976,6477534976/335992787.jpg,C0,{"ok":true,"result":{"file_id":"AgACAgEAAxkBAAIDg2Yn7uMPCUKt7v7AmmWknOkWuGYWAAIerjEbmAVBRdTScX58K1-kAQADAgADeAADNAQ","file_unique_id":"AQADHq4xG5gFQUV9","file_size":29952,"file_path":"photos/file_179.jpg"}}
1713893178,1,6477534976,6477534976/335992788.jpg,C0,{"ok":true,"result":{"file_id":"AgACAgEAAxkBAAIDhWYn7zqRSQklMuevR6U0lPxd7HOPAAIfrjEbmAVBRY8wA-6TIzB0AQADAgADeQADNAQ","file_unique_id":"AQADH64xG5gFQUV-","file_size":15210,"file_path":"photos/file_180.jpg"}}
,1,6477534976,6477534976/335992789.jpg,,
,1,6477534976,6477534976/335992790.jpg,,
,1,6477534976,6477534976/335992791.jpg,,
,1,6477534976,6477534976/335992792.jpg,,
,1,6477534976,6477534976/335992793.jpg,,
,1,6477534976,6477534976/335992794.jpg,,
